{"N_DATA":100,"N_FRAG":10,"N_SEG":15,"N_SEG_PER_FRAG":5,"N_REP":10,"OUTPUT":[10,8,3,2,3,4,7,10,9,10,57,87,69,78,34,73,62,130,27,73,146,152,99,324,64,149,171,139,199,297,4,17,14,10,6,10,4,10,4,20,5,10,3,3,5,2,2,2,3,5,3,3,5,3,5,2,1,0,1,6,4,3,0,0,1,0,1,3,1,0,0,1,1,0,3,4,1,0,2,1,11,4,10,4,5,5,3,4,4,5,14,16,7,8,33,30,10,9,16,12],"INPUT":[3,3,3,3,3,3,3,3,3,3,3,3,3,3,3,3,3,3,3,3,3,3,3,3,3,3,3,3,3,3,3,3,3,3,3,3,3,3,3,3,3,3,3,3,3,3,3,3,3,3,3,3,3,3,3,3,3,3,3,3,3,3,3,3,3,3,3,3,3,3,3,3,3,3,3,3,3,3,3,3,3,3,3,3,3,3,3,3,3,3,3,3,3,3,3,3,3,3,3,3],"PHI":5,"SEG_TRUE":[0.570937434831826,0.794392593658941,4.75267831129313,1.07305357384106,1.13801752471678,5.55703663511837,1.58552598813229,0.282222013857418,0.503157089790319,0.640400209897295,3.4010418033573,1.43306259224378,1.49297601072397,1.11704043150517,0.573589592089531]}
